objectid,type,food_water,medicine,fuel
18.0,hospital_s,150,150,0
20.0,hospital_s,150,150,0
24.0,hospital_s,150,150,0
25.0,hospital_s,150,150,0
27.0,hospital_s,150,150,0
28.0,hospital_s,150,150,0
35.0,hospital_s,150,150,0
37.0,hospital_s,150,150,0
38.0,hospital_s,150,150,0
39.0,hospital_s,150,150,0
40.0,hospital_s,150,150,0
41.0,hospital_s,150,150,0
47.0,hospital_s,150,150,0
48.0,hospital_s,150,150,0
49.0,hospital_s,150,150,0
51.0,hospital_s,150,150,0
53.0,hospital_s,150,150,0
56.0,hospital_s,150,150,0
57.0,hospital_s,150,150,0
58.0,hospital_s,150,150,0
59.0,hospital_s,150,150,0
61.0,hospital_s,150,150,0
62.0,hospital_s,150,150,0
64.0,hospital_s,150,150,0
65.0,hospital_s,150,150,0
67.0,hospital_s,150,150,0
68.0,hospital_s,150,150,0
70.0,hospital_s,150,150,0
71.0,hospital_s,150,150,0
72.0,hospital_s,150,150,0
74.0,hospital_s,150,150,0
75.0,hospital_s,150,150,0
78.0,hospital_s,150,150,0
83.0,hospital_s,150,150,0
84.0,hospital_s,150,150,0
86.0,hospital_s,150,150,0
88.0,hospital_s,150,150,0
89.0,hospital_s,150,150,0
90.0,hospital_s,150,150,0
91.0,hospital_s,150,150,0
100.0,hospital_s,150,150,0
101.0,hospital_s,150,150,0
102.0,hospital_s,150,150,0
136.0,hospital_s,150,150,0
137.0,hospital_s,150,150,0
176.0,hospital_s,150,150,0
178.0,hospital_s,150,150,0
179.0,hospital_s,150,150,0
180.0,hospital_s,150,150,0
182.0,hospital_s,150,150,0
184.0,hospital_s,150,150,0
188.0,hospital_s,150,150,0
190.0,hospital_s,150,150,0
191.0,hospital_s,150,150,0
194.0,hospital_s,150,150,0
200.0,hospital_s,150,150,0
212.0,hospital_s,150,150,0
213.0,hospital_s,150,150,0
216.0,hospital_s,150,150,0
218.0,hospital_s,150,150,0
221.0,hospital_s,150,150,0
222.0,hospital_s,150,150,0
226.0,hospital_s,150,150,0
233.0,hospital_s,150,150,0
234.0,hospital_s,150,150,0
235.0,hospital_s,150,150,0
238.0,hospital_s,150,150,0
245.0,hospital_s,150,150,0
255.0,hospital_s,150,150,0
256.0,hospital_s,150,150,0
26.0,hospital_l,300,300,0
29.0,hospital_l,300,300,0
30.0,hospital_l,300,300,0
31.0,hospital_l,300,300,0
32.0,hospital_l,300,300,0
33.0,hospital_l,300,300,0
34.0,hospital_l,300,300,0
36.0,hospital_l,300,300,0
52.0,hospital_l,300,300,0
54.0,hospital_l,300,300,0
55.0,hospital_l,300,300,0
60.0,hospital_l,300,300,0
69.0,hospital_l,300,300,0
81.0,hospital_l,300,300,0
82.0,hospital_l,300,300,0
85.0,hospital_l,300,300,0
87.0,hospital_l,300,300,0
177.0,hospital_l,300,300,0
181.0,hospital_l,300,300,0
183.0,hospital_l,300,300,0
189.0,hospital_l,300,300,0
199.0,hospital_l,300,300,0
208.0,hospital_l,300,300,0
209.0,hospital_l,300,300,0
210.0,hospital_l,300,300,0
211.0,hospital_l,300,300,0
217.0,hospital_l,300,300,0
219.0,hospital_l,300,300,0
220.0,hospital_l,300,300,0
232.0,hospital_l,300,300,0
237.0,hospital_l,300,300,0
240.0,hospital_l,300,300,0
241.0,hospital_l,300,300,0
242.0,hospital_l,300,300,0
243.0,hospital_l,300,300,0
244.0,hospital_l,300,300,0
10491466,ems_l,0,150,0
10229142,ems_l,0,150,0
10218728,ems_l,0,150,0
10144025,ems_l,0,150,0
10143961,ems_l,0,150,0
10143987,ems_l,0,150,0
10229399,ems_l,0,150,0
10492959,ems_l,0,150,0
10229344,ems_l,0,150,0
10229453,ems_l,0,150,0
10229216,ems_l,0,150,0
10229092,ems_l,0,150,0
10229423,ems_l,0,150,0
10165848,ems_l,0,150,0
10229236,ems_l,0,150,0
10229196,ems_l,0,150,0
10499854,ems_l,0,150,0
10229148,ems_l,0,150,0
10229382,ems_l,0,150,0
10229605,ems_l,0,150,0
10229139,ems_l,0,150,0
10229284,ems_l,0,150,0
10144001,ems_l,0,150,0
10229600,ems_l,0,150,0
10165851,ems_l,0,150,0
10229537,ems_l,0,150,0
10229090,ems_l,0,150,0
10229551,ems_l,0,150,0
10502548,ems_l,0,150,0
10166210,ems_l,0,150,0
10218738,ems_l,0,150,0
10166146,ems_l,0,150,0
10229569,ems_l,0,150,0
10166036,ems_l,0,150,0
10218727,ems_l,0,150,0
10143996,ems_l,0,150,0
10229585,ems_l,0,150,0
10229530,ems_l,0,150,0
10229338,ems_l,0,150,0
10492972,ems_l,0,150,0
10229127,ems_l,0,150,0
10229151,ems_l,0,150,0
10491563,ems_l,0,150,0
10229348,ems_l,0,150,0
10218863,ems_l,0,150,0
10229260,ems_l,0,150,0
10144029,ems_l,0,150,0
10229559,ems_l,0,150,0
10229467,ems_l,0,150,0
10229427,ems_l,0,150,0
10229144,ems_l,0,150,0
10491568,ems_l,0,150,0
10143952,ems_l,0,150,0
10229340,ems_l,0,150,0
10492949,ems_l,0,150,0
10218769,ems_l,0,150,0
10229076,ems_l,0,150,0
10143942,ems_l,0,150,0
10229607,ems_l,0,150,0
10491571,ems_l,0,150,0
10229123,ems_l,0,150,0
10143993,ems_l,0,150,0
10494143,ems_l,0,150,0
10229567,ems_l,0,150,0
10229138,ems_l,0,150,0
10491602,ems_l,0,150,0
10143925,ems_l,0,150,0
10494205,ems_l,0,150,0
10229391,ems_l,0,150,0
10229091,ems_l,0,150,0
10491564,ems_l,0,150,0
10271417,ems_l,0,150,0
10229125,ems_l,0,150,0
10143971,ems_l,0,150,0
10165946,ems_l,0,150,0
10492946,ems_l,0,150,0
10229078,ems_l,0,150,0
10229406,ems_l,0,150,0
10229073,ems_l,0,150,0
10229086,ems_l,0,150,0
10229548,ems_l,0,150,0
10491434,ems_l,0,150,0
10229466,ems_l,0,150,0
10165060,ems_l,0,150,0
10229146,ems_l,0,150,0
10229219,ems_l,0,150,0
10143986,ems_l,0,150,0
10229602,ems_l,0,150,0
10168064,ems_l,0,150,0
10165775,ems_l,0,150,0
10165643,ems_l,0,150,0
10143924,ems_l,0,150,0
10229131,ems_l,0,150,0
10165641,ems_l,0,150,0
10491472,ems_l,0,150,0
10218652,ems_l,0,150,0
10229601,ems_l,0,150,0
10229397,ems_l,0,150,0
10229614,ems_l,0,150,0
10229183,ems_l,0,150,0
10229168,ems_l,0,150,0
10144668,ems_l,0,150,0
10229411,ems_l,0,150,0
10229561,ems_l,0,150,0
10229354,ems_l,0,150,0
10229185,ems_l,0,150,0
10218763,ems_l,0,150,0
10229294,ems_l,0,150,0
10229428,ems_l,0,150,0
10229274,ems_l,0,150,0
10229574,ems_l,0,150,0
10499860,ems_l,0,150,0
10229267,ems_l,0,150,0
10218846,ems_l,0,150,0
10218756,ems_l,0,150,0
10218709,ems_l,0,150,0
10154224,ems_l,0,150,0
10218907,ems_l,0,150,0
10165778,ems_l,0,150,0
10491567,ems_l,0,150,0
10143922,ems_l,0,150,0
10218894,ems_l,0,150,0
10229277,ems_l,0,150,0
10166167,ems_l,0,150,0
10144023,ems_l,0,150,0
10229610,ems_l,0,150,0
10165621,ems_l,0,150,0
10229672,ems_l,0,150,0
10229599,ems_l,0,150,0
10229598,ems_l,0,150,0
10229336,ems_l,0,150,0
10144003,ems_l,0,150,0
10143983,ems_l,0,150,0
10165839,ems_l,0,150,0
10229516,ems_l,0,150,0
10229145,ems_l,0,150,0
10491561,ems_l,0,150,0
10229556,ems_l,0,150,0
10218924,ems_l,0,150,0
10229209,ems_l,0,150,0
10229208,ems_l,0,150,0
10229124,ems_l,0,150,0
10491464,ems_l,0,150,0
10229462,ems_l,0,150,0
10229513,ems_l,0,150,0
10229187,ems_l,0,150,0
10143941,ems_l,0,150,0
10229603,ems_l,0,150,0
10229074,ems_l,0,150,0
10229571,ems_l,0,150,0
10229062,ems_l,0,150,0
10491467,ems_l,0,150,0
10218649,ems_l,0,150,0
10229606,ems_l,0,150,0
10144020,ems_l,0,150,0
10229117,ems_l,0,150,0
10229159,ems_l,0,150,0
10149848,ems_l,0,150,0
10229394,ems_l,0,150,0
10229303,ems_l,0,150,0
10168051,ems_l,0,150,0
10143982,ems_l,0,150,0
10492719,ems_l,0,150,0
10229555,ems_l,0,150,0
10229189,ems_l,0,150,0
10229611,ems_l,0,150,0
10229468,ems_l,0,150,0
10229558,ems_l,0,150,0
10229579,ems_l,0,150,0
10229339,ems_l,0,150,0
10229287,ems_l,0,150,0
10218932,ems_l,0,150,0
10502550,ems_l,0,150,0
10229154,ems_l,0,150,0
10229141,ems_l,0,150,0
10144032,ems_l,0,150,0
10491480,ems_l,0,150,0
10218655,ems_l,0,150,0
10166207,ems_l,0,150,0
10229255,ems_l,0,150,0
10229061,ems_l,0,150,0
10168065,ems_l,0,150,0
10218807,ems_l,0,150,0
10494202,ems_l,0,150,0
10229186,ems_l,0,150,0
10229252,ems_l,0,150,0
10218659,ems_l,0,150,0
10229359,ems_l,0,150,0
10229162,ems_l,0,150,0
10229190,ems_l,0,150,0
10229272,ems_l,0,150,0
10143948,ems_l,0,150,0
10143969,ems_l,0,150,0
10229147,ems_l,0,150,0
10229200,ems_l,0,150,0
10229395,ems_l,0,150,0
10166047,ems_l,0,150,0
10168057,ems_l,0,150,0
10165627,ems_l,0,150,0
10218910,ems_l,0,150,0
10218919,ems_l,0,150,0
10218905,ems_l,0,150,0
10229420,ems_l,0,150,0
10499861,ems_l,0,150,0
10144037,ems_l,0,150,0
10144019,ems_l,0,150,0
10165476,ems_l,0,150,0
10229278,ems_l,0,150,0
10143953,ems_l,0,150,0
10229347,ems_l,0,150,0
10229613,ems_l,0,150,0
10143984,ems_l,0,150,0
10165942,ems_l,0,150,0
10143943,ems_l,0,150,0
10229217,ems_l,0,150,0
10168056,ems_l,0,150,0
10165834,ems_l,0,150,0
10229251,ems_l,0,150,0
10229281,ems_l,0,150,0
10218733,ems_l,0,150,0
10229201,ems_l,0,150,0
10143990,ems_l,0,150,0
10229149,ems_l,0,150,0
10229476,ems_l,0,150,0
10229525,ems_l,0,150,0
10229299,ems_l,0,150,0
10229550,ems_l,0,150,0
10229577,ems_l,0,150,0
10229115,ems_l,0,150,0
10229527,ems_l,0,150,0
10143985,ems_l,0,150,0
10229308,ems_l,0,150,0
10491596,ems_l,0,150,0
10144005,ems_l,0,150,0
10229596,ems_l,0,150,0
10143995,ems_l,0,150,0
10229568,ems_l,0,150,0
10502549,ems_l,0,150,0
10218705,ems_l,0,150,0
10229381,ems_l,0,150,0
10229137,ems_l,0,150,0
10229520,ems_l,0,150,0
10165061,ems_l,0,150,0
10494203,ems_l,0,150,0
10229436,ems_l,0,150,0
10492958,ems_l,0,150,0
10499853,ems_l,0,150,0
10165754,ems_l,0,150,0
10218762,ems_l,0,150,0
10229192,ems_l,0,150,0
10510591,ems_l,0,150,0
10229514,ems_l,0,150,0
10165716,ems_l,0,150,0
10218704,ems_l,0,150,0
10229120,ems_l,0,150,0
10229126,ems_l,0,150,0
10229460,ems_l,0,150,0
10229608,ems_l,0,150,0
10143946,ems_l,0,150,0
10168059,ems_l,0,150,0
10229143,ems_l,0,150,0
10166948,ems_l,0,150,0
10218689,ems_l,0,150,0
10229316,ems_l,0,150,0
10218654,ems_l,0,150,0
10165644,ems_l,0,150,0
10491471,ems_l,0,150,0
10165849,ems_l,0,150,0
10229152,ems_l,0,150,0
10491573,ems_l,0,150,0
10229594,ems_l,0,150,0
10229570,ems_l,0,150,0
10499859,ems_l,0,150,0
10218909,ems_l,0,150,0
10491562,ems_l,0,150,0
10229265,ems_l,0,150,0
10165764,ems_l,0,150,0
10229469,ems_l,0,150,0
10229302,ems_l,0,150,0
10229065,ems_l,0,150,0
10491566,ems_l,0,150,0
10229396,ems_l,0,150,0
10229393,ems_l,0,150,0
10229156,ems_l,0,150,0
10229150,ems_l,0,150,0
10229355,ems_l,0,150,0
10229409,ems_l,0,150,0
10218714,ems_s,0,75,0
10218790,ems_s,0,75,0
10229195,ems_s,0,75,0
10218887,ems_s,0,75,0
10168052,ems_s,0,75,0
10229582,ems_s,0,75,0
10218810,ems_s,0,75,0
10229421,ems_s,0,75,0
10229213,ems_s,0,75,0
10218746,ems_s,0,75,0
10229597,ems_s,0,75,0
10218780,ems_s,0,75,0
10218929,ems_s,0,75,0
10143930,ems_s,0,75,0
10491469,ems_s,0,75,0
10229687,ems_s,0,75,0
10229549,ems_s,0,75,0
10229405,ems_s,0,75,0
10218872,ems_s,0,75,0
10229275,ems_s,0,75,0
10166171,ems_s,0,75,0
10144015,ems_s,0,75,0
10218743,ems_s,0,75,0
10218945,ems_s,0,75,0
10218786,ems_s,0,75,0
10491572,ems_s,0,75,0
10229572,ems_s,0,75,0
10218878,ems_s,0,75,0
10168049,ems_s,0,75,0
10218865,ems_s,0,75,0
10218751,ems_s,0,75,0
10218842,ems_s,0,75,0
10229160,ems_s,0,75,0
10229279,ems_s,0,75,0
10168058,ems_s,0,75,0
10144021,ems_s,0,75,0
10143958,ems_s,0,75,0
10218797,ems_s,0,75,0
10229584,ems_s,0,75,0
10229515,ems_s,0,75,0
10218690,ems_s,0,75,0
10218832,ems_s,0,75,0
10229119,ems_s,0,75,0
10499929,ems_s,0,75,0
10229461,ems_s,0,75,0
10166151,ems_s,0,75,0
10229199,ems_s,0,75,0
10229132,ems_s,0,75,0
10166209,ems_s,0,75,0
10218681,ems_s,0,75,0
10218867,ems_s,0,75,0
10229280,ems_s,0,75,0
10491575,ems_s,0,75,0
10218917,ems_s,0,75,0
10218854,ems_s,0,75,0
10218752,ems_s,0,75,0
10165719,ems_s,0,75,0
10229474,ems_s,0,75,0
10504113,ems_s,0,75,0
10143989,ems_s,0,75,0
10229518,ems_s,0,75,0
10165830,ems_s,0,75,0
10229389,ems_s,0,75,0
10229573,ems_s,0,75,0
10165864,ems_s,0,75,0
10229334,ems_s,0,75,0
10218811,ems_s,0,75,0
10218656,ems_s,0,75,0
10218779,ems_s,0,75,0
10229133,ems_s,0,75,0
10229553,ems_s,0,75,0
10218892,ems_s,0,75,0
10229390,ems_s,0,75,0
10218764,ems_s,0,75,0
10229356,ems_s,0,75,0
10218740,ems_s,0,75,0
10218673,ems_s,0,75,0
10218844,ems_s,0,75,0
10510592,ems_s,0,75,0
10229517,ems_s,0,75,0
10229268,ems_s,0,75,0
10229335,ems_s,0,75,0
10218729,ems_s,0,75,0
10229575,ems_s,0,75,0
10496588,ems_s,0,75,0
10502547,ems_s,0,75,0
10218699,ems_s,0,75,0
10218777,ems_s,0,75,0
10229266,ems_s,0,75,0
10229398,ems_s,0,75,0
10218843,ems_s,0,75,0
10218677,ems_s,0,75,0
10229286,ems_s,0,75,0
10229134,ems_s,0,75,0
10218657,ems_s,0,75,0
10491565,ems_s,0,75,0
10218720,ems_s,0,75,0
10491465,ems_s,0,75,0
10494206,ems_s,0,75,0
10218732,ems_s,0,75,0
10229297,ems_s,0,75,0
10229243,ems_s,0,75,0
10229128,ems_s,0,75,0
10218683,ems_s,0,75,0
10154270,ems_s,0,75,0
10229300,ems_s,0,75,0
10229552,ems_s,0,75,0
10218827,ems_s,0,75,0
10229211,ems_s,0,75,0
10229560,ems_s,0,75,0
10218754,ems_s,0,75,0
10229595,ems_s,0,75,0
10229383,ems_s,0,75,0
10229088,ems_s,0,75,0
10143975,ems_s,0,75,0
10491506,ems_s,0,75,0
10229153,ems_s,0,75,0
10218855,ems_s,0,75,0
10229463,ems_s,0,75,0
10218850,ems_s,0,75,0
10218922,ems_s,0,75,0
10229218,ems_s,0,75,0
10218927,ems_s,0,75,0
10144024,ems_s,0,75,0
10218816,ems_s,0,75,0
10495125,ems_s,0,75,0
10143980,ems_s,0,75,0
10491569,ems_s,0,75,0
10271132,ems_s,0,75,0
10143968,ems_s,0,75,0
10229495,ems_s,0,75,0
10229283,ems_s,0,75,0
10165832,ems_s,0,75,0
10144028,ems_s,0,75,0
10218721,ems_s,0,75,0
10491570,ems_s,0,75,0
10229615,ems_s,0,75,0
10229087,ems_s,0,75,0
10229523,ems_s,0,75,0
10229079,ems_s,0,75,0
10229282,ems_s,0,75,0
10499857,ems_s,0,75,0
10229082,ems_s,0,75,0
10229064,ems_s,0,75,0
10218671,ems_s,0,75,0
10218768,ems_s,0,75,0
10229362,ems_s,0,75,0
10218645,ems_s,0,75,0
10229480,ems_s,0,75,0
10218725,ems_s,0,75,0
10218667,ems_s,0,75,0
10143926,ems_s,0,75,0
10229301,ems_s,0,75,0
10218840,ems_s,0,75,0
10495016,ems_s,0,75,0
10165859,ems_s,0,75,0
10165606,ems_s,0,75,0
10218944,ems_s,0,75,0
10229408,ems_s,0,75,0
10229215,ems_s,0,75,0
10229512,ems_s,0,75,0
10218895,ems_s,0,75,0
10218730,ems_s,0,75,0
10218839,ems_s,0,75,0
10218815,ems_s,0,75,0
10218938,ems_s,0,75,0
10218876,ems_s,0,75,0
10218678,ems_s,0,75,0
10229429,ems_s,0,75,0
10165723,ems_s,0,75,0
10229253,ems_s,0,75,0
10491479,ems_s,0,75,0
10229497,ems_s,0,75,0
10218814,ems_s,0,75,0
10144058,ems_s,0,75,0
10166033,ems_s,0,75,0
10499856,ems_s,0,75,0
10502546,ems_s,0,75,0
10229581,ems_s,0,75,0
10218685,ems_s,0,75,0
10218745,ems_s,0,75,0
10165838,ems_s,0,75,0
10143992,ems_s,0,75,0
10229578,ems_s,0,75,0
10218785,ems_s,0,75,0
10166195,ems_s,0,75,0
10229554,ems_s,0,75,0
10229122,ems_s,0,75,0
10492960,ems_s,0,75,0
10143970,ems_s,0,75,0
10143974,ems_s,0,75,0
10218819,ems_s,0,75,0
10218834,ems_s,0,75,0
10166212,ems_s,0,75,0
10218889,ems_s,0,75,0
10218789,ems_s,0,75,0
10229084,ems_s,0,75,0
10229285,ems_s,0,75,0
10218879,ems_s,0,75,0
10218882,ems_s,0,75,0
10144018,ems_s,0,75,0
10218903,ems_s,0,75,0
10218900,ems_s,0,75,0
10218824,ems_s,0,75,0
10218701,ems_s,0,75,0
10168066,ems_s,0,75,0
10218914,ems_s,0,75,0
10229290,ems_s,0,75,0
10218818,ems_s,0,75,0
10229188,ems_s,0,75,0
10218767,ems_s,0,75,0
10166040,ems_s,0,75,0
10218662,ems_s,0,75,0
10218799,ems_s,0,75,0
10229351,ems_s,0,75,0
10168053,ems_s,0,75,0
10229331,ems_s,0,75,0
10229498,ems_s,0,75,0
10218712,ems_s,0,75,0
10218739,ems_s,0,75,0
10168072,ems_s,0,75,0
10144030,ems_s,0,75,0
10218946,ems_s,0,75,0
10218719,ems_s,0,75,0
10229410,ems_s,0,75,0
10218831,ems_s,0,75,0
10143951,ems_s,0,75,0
10218713,ems_s,0,75,0
10229130,ems_s,0,75,0
10229121,ems_s,0,75,0
10496606,ems_s,0,75,0
10229404,ems_s,0,75,0
10229204,ems_s,0,75,0
10229494,ems_s,0,75,0
10229386,ems_s,0,75,0
10218695,ems_s,0,75,0
10229385,ems_s,0,75,0
10229566,ems_s,0,75,0
10218737,ems_s,0,75,0
10229557,ems_s,0,75,0
10229384,ems_s,0,75,0
10218837,ems_s,0,75,0
10218736,ems_s,0,75,0
10229276,ems_s,0,75,0
10229345,ems_s,0,75,0
10168070,ems_s,0,75,0
10491559,ems_s,0,75,0
10229576,ems_s,0,75,0
10166140,ems_s,0,75,0
10218753,ems_s,0,75,0
10218717,ems_s,0,75,0
10218812,ems_s,0,75,0
10229565,ems_s,0,75,0
10218741,ems_s,0,75,0
10229273,ems_s,0,75,0
10218783,ems_s,0,75,0
10491463,ems_s,0,75,0
10218787,ems_s,0,75,0
10218896,ems_s,0,75,0
10143962,ems_s,0,75,0
10218829,ems_s,0,75,0
10218809,ems_s,0,75,0
10229118,ems_s,0,75,0
10229155,ems_s,0,75,0
10229320,ems_s,0,75,0
10166170,ems_s,0,75,0
10218920,ems_s,0,75,0
10229246,ems_s,0,75,0
10499784,ems_s,0,75,0
10229237,ems_s,0,75,0
10143931,ems_s,0,75,0
10218883,ems_s,0,75,0
10229140,ems_s,0,75,0
10218820,ems_s,0,75,0
10218766,ems_s,0,75,0
10143960,ems_s,0,75,0
10494204,ems_s,0,75,0
10484032,ems_s,0,75,0
10218881,ems_s,0,75,0
10229358,ems_s,0,75,0
10143929,ems_s,0,75,0
10492942,ems_s,0,75,0
10218805,ems_s,0,75,0
10218893,ems_s,0,75,0
10218841,ems_s,0,75,0
10218808,ems_s,0,75,0
10229583,ems_s,0,75,0
10229341,ems_s,0,75,0
10229212,ems_s,0,75,0
10229349,ems_s,0,75,0
10165633,ems_s,0,75,0
10229105,ems_s,0,75,0
10229621,ems_s,0,75,0
10218691,ems_s,0,75,0
10165862,ems_s,0,75,0
10165486,ems_s,0,75,0
10229604,ems_s,0,75,0
10218665,ems_s,0,75,0
10218682,ems_s,0,75,0
10218726,ems_s,0,75,0
10229564,ems_s,0,75,0
10218778,ems_s,0,75,0
10218885,ems_s,0,75,0
10229136,ems_s,0,75,0
10218775,ems_s,0,75,0
10229197,ems_s,0,75,0
10229161,ems_s,0,75,0
10229609,ems_s,0,75,0
440053,shelter,300,0,0
250058,shelter,300,0,0
440080,shelter,300,0,0
440143,shelter,300,0,0
251067,shelter,300,0,0
250093,shelter,300,0,0
250030,shelter,300,0,0
250283,shelter,300,0,0
250650,shelter,300,0,0
250080,shelter,300,0,0
251055,shelter,300,0,0
250439,shelter,300,0,0
250917,shelter,300,0,0
250088,shelter,300,0,0
440136,shelter,300,0,0
440148,shelter,300,0,0
251106,shelter,300,0,0
250300,shelter,300,0,0
250434,shelter,300,0,0
440142,shelter,300,0,0
250803,shelter,300,0,0
250610,shelter,300,0,0
250816,shelter,300,0,0
251126,shelter,300,0,0
250983,shelter,300,0,0
250385,shelter,300,0,0
250450,shelter,300,0,0
251150,shelter,300,0,0
250123,shelter,300,0,0
250115,shelter,300,0,0
250465,shelter,300,0,0
440131,shelter,300,0,0
250330,shelter,300,0,0
250713,shelter,300,0,0
250371,shelter,300,0,0
440153,shelter,300,0,0
440045,shelter,300,0,0
250392,shelter,300,0,0
251016,shelter,300,0,0
251074,shelter,300,0,0
250515,shelter,300,0,0
250404,shelter,300,0,0
250890,shelter,300,0,0
250287,shelter,300,0,0
250265,shelter,300,0,0
250449,shelter,300,0,0
250870,shelter,300,0,0
251095,shelter,300,0,0
250698,shelter,300,0,0
251130,shelter,300,0,0
251152,shelter,300,0,0
250362,shelter,300,0,0
250689,shelter,300,0,0
251098,shelter,300,0,0
250818,shelter,300,0,0
250479,shelter,300,0,0
250740,shelter,300,0,0
250319,shelter,300,0,0
250393,shelter,300,0,0
250563,shelter,300,0,0
250040,shelter,300,0,0
250443,shelter,300,0,0
251041,shelter,300,0,0
250329,shelter,300,0,0
250712,shelter,300,0,0
250565,shelter,300,0,0
250581,shelter,300,0,0
440076,shelter,300,0,0
250996,shelter,300,0,0
440036,shelter,300,0,0
250397,shelter,300,0,0
250598,shelter,300,0,0
250083,shelter,300,0,0
251140,shelter,300,0,0
250037,shelter,300,0,0
250077,shelter,300,0,0
440104,shelter,300,0,0
250261,shelter,300,0,0
250336,shelter,300,0,0
251002,shelter,300,0,0
250232,shelter,300,0,0
250259,shelter,300,0,0
440144,shelter,300,0,0
440013,shelter,300,0,0
250753,shelter,300,0,0
440078,shelter,300,0,0
440168,shelter,300,0,0
250687,shelter,300,0,0
250925,shelter,300,0,0
250136,shelter,300,0,0
251099,shelter,300,0,0
250744,shelter,300,0,0
251031,shelter,300,0,0
440124,shelter,300,0,0
250672,shelter,300,0,0
250087,shelter,300,0,0
440117,shelter,300,0,0
250950,shelter,300,0,0
250723,shelter,300,0,0
440044,shelter,300,0,0
440041,shelter,300,0,0
250584,shelter,300,0,0
250316,shelter,300,0,0
440151,shelter,300,0,0
250076,shelter,300,0,0
440115,shelter,300,0,0
250797,shelter,300,0,0
250773,shelter,300,0,0
440004,shelter,300,0,0
440040,shelter,300,0,0
250891,shelter,300,0,0
250824,shelter,300,0,0
440001,shelter,300,0,0
250953,shelter,300,0,0
250977,shelter,300,0,0
250807,shelter,300,0,0
250601,shelter,300,0,0
440077,shelter,300,0,0
250435,shelter,300,0,0
250848,shelter,300,0,0
440137,shelter,300,0,0
251045,shelter,300,0,0
440083,shelter,300,0,0
440149,shelter,300,0,0
250260,shelter,300,0,0
251111,shelter,300,0,0
440058,shelter,300,0,0
440034,shelter,300,0,0
250569,shelter,300,0,0
250586,shelter,300,0,0
250379,shelter,300,0,0
250945,shelter,300,0,0
250219,shelter,300,0,0
440043,shelter,300,0,0
440110,shelter,300,0,0
250710,shelter,300,0,0
250717,shelter,300,0,0
440112,shelter,300,0,0
251006,shelter,300,0,0
440093,shelter,300,0,0
250801,shelter,300,0,0
250936,shelter,300,0,0
250819,shelter,300,0,0
250508,shelter,300,0,0
250341,shelter,300,0,0
440154,shelter,300,0,0
250142,shelter,300,0,0
250781,shelter,300,0,0
251119,shelter,300,0,0
250429,shelter,300,0,0
250249,shelter,300,0,0
250061,shelter,300,0,0
250420,shelter,300,0,0
440098,shelter,300,0,0
251132,shelter,300,0,0
250245,shelter,300,0,0
440092,shelter,300,0,0
250742,shelter,300,0,0
250528,shelter,300,0,0
250485,shelter,300,0,0
250366,shelter,300,0,0
440081,shelter,300,0,0
250112,shelter,300,0,0
250134,shelter,300,0,0
251068,shelter,300,0,0
250575,shelter,300,0,0
250335,shelter,300,0,0
250597,shelter,300,0,0
250857,shelter,300,0,0
440022,shelter,300,0,0
250293,shelter,300,0,0
440120,shelter,300,0,0
251058,shelter,300,0,0
250253,shelter,300,0,0
250302,shelter,300,0,0
250679,shelter,300,0,0
440054,shelter,300,0,0
250784,shelter,300,0,0
250407,shelter,300,0,0
440147,shelter,300,0,0
440157,shelter,300,0,0
440024,shelter,300,0,0
250975,shelter,300,0,0
250579,shelter,300,0,0
250353,shelter,300,0,0
250421,shelter,300,0,0
250994,shelter,300,0,0
250861,shelter,300,0,0
250940,shelter,300,0,0
250196,shelter,300,0,0
250743,shelter,300,0,0
250334,shelter,300,0,0
440061,shelter,300,0,0
250859,shelter,300,0,0
251100,shelter,300,0,0
250771,shelter,300,0,0
250504,shelter,300,0,0
440121,shelter,300,0,0
440103,shelter,300,0,0
251061,shelter,300,0,0
440086,shelter,300,0,0
250768,shelter,300,0,0
250172,shelter,300,0,0
250188,shelter,300,0,0
250885,shelter,300,0,0
250831,shelter,300,0,0
250863,shelter,300,0,0
440039,shelter,300,0,0
440009,shelter,300,0,0
250021,shelter,300,0,0
250516,shelter,300,0,0
250469,shelter,300,0,0
251065,shelter,300,0,0
250588,shelter,300,0,0
251145,shelter,300,0,0
250239,shelter,300,0,0
250699,shelter,300,0,0
250990,shelter,300,0,0
440033,shelter,300,0,0
250985,shelter,300,0,0
250320,shelter,300,0,0
250820,shelter,300,0,0
250562,shelter,300,0,0
250054,shelter,300,0,0
250564,shelter,300,0,0
250271,shelter,300,0,0
440055,shelter,300,0,0
250178,shelter,300,0,0
250444,shelter,300,0,0
440051,shelter,300,0,0
250543,shelter,300,0,0
440082,shelter,300,0,0
440066,shelter,300,0,0
250285,shelter,300,0,0
250478,shelter,300,0,0
251133,shelter,300,0,0
251137,shelter,300,0,0
251154,shelter,300,0,0
251091,shelter,300,0,0
250181,shelter,300,0,0
250852,shelter,300,0,0
250149,shelter,300,0,0
250223,shelter,300,0,0
440029,shelter,300,0,0
440088,shelter,300,0,0
250745,shelter,300,0,0
250100,shelter,300,0,0
250012,shelter,300,0,0
440122,shelter,300,0,0
250346,shelter,300,0,0
250355,shelter,300,0,0
250489,shelter,300,0,0
250069,shelter,300,0,0
440152,shelter,300,0,0
250791,shelter,300,0,0
250281,shelter,300,0,0
250567,shelter,300,0,0
250315,shelter,300,0,0
250246,shelter,300,0,0
250886,shelter,300,0,0
440145,shelter,300,0,0
250191,shelter,300,0,0
251078,shelter,300,0,0
250214,shelter,300,0,0
251156,shelter,300,0,0
250668,shelter,300,0,0
251024,shelter,300,0,0
440056,shelter,300,0,0
440133,shelter,300,0,0
251069,shelter,300,0,0
250052,shelter,300,0,0
250822,shelter,300,0,0
250254,shelter,300,0,0
250835,shelter,300,0,0
251134,shelter,300,0,0
250823,shelter,300,0,0
440017,shelter,300,0,0
250364,shelter,300,0,0
250747,shelter,300,0,0
250551,shelter,300,0,0
440068,shelter,300,0,0
250544,shelter,300,0,0
440010,shelter,300,0,0
250270,shelter,300,0,0
250034,shelter,300,0,0
250433,shelter,300,0,0
251143,shelter,300,0,0
250269,shelter,300,0,0
250789,shelter,300,0,0
250375,shelter,300,0,0
250312,shelter,300,0,0
250862,shelter,300,0,0
250714,shelter,300,0,0
250383,shelter,300,0,0
250970,shelter,300,0,0
440038,shelter,300,0,0
251040,shelter,300,0,0
440084,shelter,300,0,0
250671,shelter,300,0,0
251142,shelter,300,0,0
251018,shelter,300,0,0
250085,shelter,300,0,0
250966,shelter,300,0,0
250339,shelter,300,0,0
250949,shelter,300,0,0
250170,shelter,300,0,0
250730,shelter,300,0,0
250411,shelter,300,0,0
250903,shelter,300,0,0
250333,shelter,300,0,0
250107,shelter,300,0,0
250568,shelter,300,0,0
250540,shelter,300,0,0
250068,shelter,300,0,0
250297,shelter,300,0,0
440064,shelter,300,0,0
250185,shelter,300,0,0
250692,shelter,300,0,0
250176,shelter,300,0,0
250215,shelter,300,0,0
250909,shelter,300,0,0
440113,shelter,300,0,0
440014,shelter,300,0,0
250486,shelter,300,0,0
250537,shelter,300,0,0
251047,shelter,300,0,0
250809,shelter,300,0,0
250416,shelter,300,0,0
250350,shelter,300,0,0
250455,shelter,300,0,0
440169,shelter,300,0,0
250343,shelter,300,0,0
250192,shelter,300,0,0
250089,shelter,300,0,0
250883,shelter,300,0,0
251102,shelter,300,0,0
250793,shelter,300,0,0
250391,shelter,300,0,0
250792,shelter,300,0,0
440065,shelter,300,0,0
251155,shelter,300,0,0
250906,shelter,300,0,0
251079,shelter,300,0,0
250916,shelter,300,0,0
250850,shelter,300,0,0
250706,shelter,300,0,0
250616,shelter,300,0,0
250084,shelter,300,0,0
250871,shelter,300,0,0
250442,shelter,300,0,0
440162,shelter,300,0,0
250477,shelter,300,0,0
250964,shelter,300,0,0
251151,shelter,300,0,0
250160,shelter,300,0,0
251084,shelter,300,0,0
250394,shelter,300,0,0
440123,shelter,300,0,0
250755,shelter,300,0,0
250904,shelter,300,0,0
250736,shelter,300,0,0
440011,shelter,300,0,0
250694,shelter,300,0,0
250118,shelter,300,0,0
250721,shelter,300,0,0
250749,shelter,300,0,0
250914,shelter,300,0,0
251135,shelter,300,0,0
250542,shelter,300,0,0
251094,shelter,300,0,0
440119,shelter,300,0,0
250726,shelter,300,0,0
250152,shelter,300,0,0
250633,shelter,300,0,0
250757,shelter,300,0,0
250555,shelter,300,0,0
440114,shelter,300,0,0
250866,shelter,300,0,0
250250,shelter,300,0,0
250243,shelter,300,0,0
250029,shelter,300,0,0
250484,shelter,300,0,0
250887,shelter,300,0,0
250605,shelter,300,0,0
250252,shelter,300,0,0
250637,shelter,300,0,0
440060,shelter,300,0,0
251082,shelter,300,0,0
440003,shelter,300,0,0
440163,shelter,300,0,0
251116,shelter,300,0,0
250702,shelter,300,0,0
251066,shelter,300,0,0
250483,shelter,300,0,0
440150,shelter,300,0,0
440062,shelter,300,0,0
250427,shelter,300,0,0
250997,shelter,300,0,0
440021,shelter,300,0,0
440130,shelter,300,0,0
250237,shelter,300,0,0
250066,shelter,300,0,0
250954,shelter,300,0,0
250700,shelter,300,0,0
250776,shelter,300,0,0
250874,shelter,300,0,0
250570,shelter,300,0,0
440132,shelter,300,0,0
250762,shelter,300,0,0
250630,shelter,300,0,0
250833,shelter,300,0,0
250673,shelter,300,0,0
250423,shelter,300,0,0
250669,shelter,300,0,0
250737,shelter,300,0,0
440016,shelter,300,0,0
440049,shelter,300,0,0
250611,shelter,300,0,0
440170,shelter,300,0,0
440129,shelter,300,0,0
250841,shelter,300,0,0
250750,shelter,300,0,0
250499,shelter,300,0,0
250005,shelter,300,0,0
251046,shelter,300,0,0
250576,shelter,300,0,0
250814,shelter,300,0,0
250738,shelter,300,0,0
250641,shelter,300,0,0
250501,shelter,300,0,0
250013,shelter,300,0,0
440125,shelter,300,0,0
250487,shelter,300,0,0
250558,shelter,300,0,0
440052,shelter,300,0,0
250137,shelter,300,0,0
250498,shelter,300,0,0
250918,shelter,300,0,0
251090,shelter,300,0,0
250378,shelter,300,0,0
440094,shelter,300,0,0
440139,shelter,300,0,0
250018,shelter,300,0,0
440126,shelter,300,0,0
250690,shelter,300,0,0
440059,shelter,300,0,0
250157,shelter,300,0,0
250766,shelter,300,0,0
250941,shelter,300,0,0
250272,shelter,300,0,0
250518,shelter,300,0,0
440005,shelter,300,0,0
250156,shelter,300,0,0
440007,shelter,300,0,0
250226,shelter,300,0,0
250701,shelter,300,0,0
250278,shelter,300,0,0
251113,shelter,300,0,0
250162,shelter,300,0,0
250878,shelter,300,0,0
250440,shelter,300,0,0
250370,shelter,300,0,0
250739,shelter,300,0,0
251144,shelter,300,0,0
251063,shelter,300,0,0
250804,shelter,300,0,0
251148,shelter,300,0,0
250836,shelter,300,0,0
250725,shelter,300,0,0
440140,shelter,300,0,0
250074,shelter,300,0,0
251009,shelter,300,0,0
440030,shelter,300,0,0
251087,shelter,300,0,0
251039,shelter,300,0,0
250304,shelter,300,0,0
250159,shelter,300,0,0
250685,shelter,300,0,0
250209,shelter,300,0,0
250202,shelter,300,0,0
250441,shelter,300,0,0
250368,shelter,300,0,0
251136,shelter,300,0,0
250150,shelter,300,0,0
250028,shelter,300,0,0
250817,shelter,300,0,0
250042,shelter,300,0,0
250432,shelter,300,0,0
251121,shelter,300,0,0
250937,shelter,300,0,0
440073,shelter,300,0,0
251086,shelter,300,0,0
250560,shelter,300,0,0
440099,shelter,300,0,0
250536,shelter,300,0,0
440020,shelter,300,0,0
251107,shelter,300,0,0
250078,shelter,300,0,0
440042,shelter,300,0,0
250535,shelter,300,0,0
440138,shelter,300,0,0
250182,shelter,300,0,0
250470,shelter,300,0,0
440025,shelter,300,0,0
250716,shelter,300,0,0
440108,shelter,300,0,0
250437,shelter,300,0,0
250173,shelter,300,0,0
250684,shelter,300,0,0
251127,shelter,300,0,0
440085,shelter,300,0,0
250683,shelter,300,0,0
251001,shelter,300,0,0
250525,shelter,300,0,0
440074,shelter,300,0,0
250798,shelter,300,0,0
440057,shelter,300,0,0
251096,shelter,300,0,0
250580,shelter,300,0,0
250247,shelter,300,0,0
250405,shelter,300,0,0
250968,shelter,300,0,0
440071,shelter,300,0,0
440032,shelter,300,0,0
250761,shelter,300,0,0
250827,shelter,300,0,0
250982,shelter,300,0,0
250854,shelter,300,0,0
440111,shelter,300,0,0
250812,shelter,300,0,0
250898,shelter,300,0,0
250352,shelter,300,0,0
250171,shelter,300,0,0
440008,shelter,300,0,0
250932,shelter,300,0,0
440002,shelter,300,0,0
250467,shelter,300,0,0
440046,shelter,300,0,0
250367,shelter,300,0,0
250999,shelter,300,0,0
440047,shelter,300,0,0
250198,shelter,300,0,0
250388,shelter,300,0,0
250326,shelter,300,0,0
250545,shelter,300,0,0
250800,shelter,300,0,0
440037,shelter,300,0,0
250180,shelter,300,0,0
250554,shelter,300,0,0
250927,shelter,300,0,0
250529,shelter,300,0,0
250810,shelter,300,0,0
250286,shelter,300,0,0
440158,shelter,300,0,0
250242,shelter,300,0,0
250645,shelter,300,0,0
251105,shelter,300,0,0
250165,shelter,300,0,0
250531,shelter,300,0,0
440027,shelter,300,0,0
250417,shelter,300,0,0
440006,shelter,300,0,0
250216,shelter,300,0,0
250197,shelter,300,0,0
250657,shelter,300,0,0
250349,shelter,300,0,0
250532,shelter,300,0,0
250428,shelter,300,0,0
250647,shelter,300,0,0
250603,shelter,300,0,0
250720,shelter,300,0,0
250251,shelter,300,0,0
250318,shelter,300,0,0
250938,shelter,300,0,0
250431,shelter,300,0,0
251141,shelter,300,0,0
250125,shelter,300,0,0
250602,shelter,300,0,0
250468,shelter,300,0,0
250007,shelter,300,0,0
440116,shelter,300,0,0
251153,shelter,300,0,0
250665,shelter,300,0,0
250799,shelter,300,0,0
251088,shelter,300,0,0
250922,shelter,300,0,0
250291,shelter,300,0,0
250458,shelter,300,0,0
251025,shelter,300,0,0
250763,shelter,300,0,0
251092,shelter,300,0,0
250880,shelter,300,0,0
440171,shelter,300,0,0
440161,shelter,300,0,0
250015,shelter,300,0,0
440063,shelter,300,0,0
250045,shelter,300,0,0
250933,shelter,300,0,0
440164,shelter,300,0,0
250236,shelter,300,0,0
250113,shelter,300,0,0
440128,shelter,300,0,0
250301,shelter,300,0,0
440105,shelter,300,0,0
250696,shelter,300,0,0
250648,shelter,300,0,0
250282,shelter,300,0,0
250184,shelter,300,0,0
250674,shelter,300,0,0
250348,shelter,300,0,0
440091,shelter,300,0,0
251122,shelter,300,0,0
440102,shelter,300,0,0
440166,shelter,300,0,0
250395,shelter,300,0,0
250144,shelter,300,0,0
250853,shelter,300,0,0
251028,shelter,300,0,0
250146,shelter,300,0,0
250452,shelter,300,0,0
250060,shelter,300,0,0
250830,shelter,300,0,0
250651,shelter,300,0,0
251112,shelter,300,0,0
250174,shelter,300,0,0
250406,shelter,300,0,0
440156,shelter,300,0,0
250363,shelter,300,0,0
250164,shelter,300,0,0
250390,shelter,300,0,0
251019,shelter,300,0,0
250894,shelter,300,0,0
250734,shelter,300,0,0
440087,shelter,300,0,0
250989,shelter,300,0,0
250035,shelter,300,0,0
250345,shelter,300,0,0
250520,shelter,300,0,0
250410,shelter,300,0,0
250175,shelter,300,0,0
440118,shelter,300,0,0
250090,shelter,300,0,0
250133,shelter,300,0,0
250572,shelter,300,0,0
250513,shelter,300,0,0
250613,shelter,300,0,0
250521,shelter,300,0,0
250377,shelter,300,0,0
440067,shelter,300,0,0
250020,shelter,300,0,0
440015,shelter,300,0,0
251139,shelter,300,0,0
250550,shelter,300,0,0
250387,shelter,300,0,0
250369,shelter,300,0,0
250634,shelter,300,0,0
250915,shelter,300,0,0
250422,shelter,300,0,0
440107,shelter,300,0,0
250794,shelter,300,0,0
250400,shelter,300,0,0
440070,shelter,300,0,0
250476,shelter,300,0,0
250523,shelter,300,0,0
250926,shelter,300,0,0
440090,shelter,300,0,0
250992,shelter,300,0,0
250735,shelter,300,0,0
250208,shelter,300,0,0
251007,shelter,300,0,0
440135,shelter,300,0,0
250589,shelter,300,0,0
250594,shelter,300,0,0
250438,shelter,300,0,0
250328,shelter,300,0,0
250658,shelter,300,0,0
250659,shelter,300,0,0
440101,shelter,300,0,0
250921,shelter,300,0,0
250512,shelter,300,0,0
440160,shelter,300,0,0
440069,shelter,300,0,0
440028,shelter,300,0,0
250839,shelter,300,0,0
250365,shelter,300,0,0
250875,shelter,300,0,0
250183,shelter,300,0,0
250276,shelter,300,0,0
251146,shelter,300,0,0
440127,shelter,300,0,0
440096,shelter,300,0,0
250292,shelter,300,0,0
250984,shelter,300,0,0
250022,shelter,300,0,0
250358,shelter,300,0,0
251004,shelter,300,0,0
440035,shelter,300,0,0
250121,shelter,300,0,0
250238,shelter,300,0,0
250587,shelter,300,0,0
250221,shelter,300,0,0
250715,shelter,300,0,0
250456,shelter,300,0,0
440048,shelter,300,0,0
250168,shelter,300,0,0
440026,shelter,300,0,0
250879,shelter,300,0,0
250280,shelter,300,0,0
250415,shelter,300,0,0
250905,shelter,300,0,0
440159,shelter,300,0,0
250538,shelter,300,0,0
250031,shelter,300,0,0
440146,shelter,300,0,0
250802,shelter,300,0,0
250571,shelter,300,0,0
440100,shelter,300,0,0
440018,shelter,300,0,0
250497,shelter,300,0,0
251149,shelter,300,0,0
250474,shelter,300,0,0
250546,shelter,300,0,0
250552,shelter,300,0,0
440079,shelter,300,0,0
251110,shelter,300,0,0
251053,shelter,300,0,0
250697,shelter,300,0,0
440165,shelter,300,0,0
250340,shelter,300,0,0
250547,shelter,300,0,0
250451,shelter,300,0,0
440097,shelter,300,0,0
251097,shelter,300,0,0
250070,shelter,300,0,0
250277,shelter,300,0,0
250930,shelter,300,0,0
251089,shelter,300,0,0
250923,shelter,300,0,0
440172,shelter,300,0,0
250204,shelter,300,0,0
250834,shelter,300,0,0
250872,shelter,300,0,0
251101,shelter,300,0,0
250376,shelter,300,0,0
250864,shelter,300,0,0
251108,shelter,300,0,0
250408,shelter,300,0,0
250748,shelter,300,0,0
440072,shelter,300,0,0
440134,shelter,300,0,0
250951,shelter,300,0,0
251035,shelter,300,0,0
251147,shelter,300,0,0
250500,shelter,300,0,0
251093,shelter,300,0,0
250361,shelter,300,0,0
440106,shelter,300,0,0
440141,shelter,300,0,0
250372,shelter,300,0,0
440050,shelter,300,0,0
251051,shelter,300,0,0
250038,shelter,300,0,0
250081,shelter,300,0,0
250505,shelter,300,0,0
250425,shelter,300,0,0
250972,shelter,300,0,0
251114,shelter,300,0,0
250008,shelter,300,0,0
250147,shelter,300,0,0
440109,shelter,300,0,0
440095,shelter,300,0,0
251125,shelter,300,0,0
250207,shelter,300,0,0
251083,shelter,300,0,0
250127,shelter,300,0,0
250629,shelter,300,0,0
250177,shelter,300,0,0
440012,shelter,300,0,0
250618,shelter,300,0,0
250279,shelter,300,0,0
250189,shelter,300,0,0
250126,shelter,300,0,0
440023,shelter,300,0,0
250973,shelter,300,0,0
251000,shelter,300,0,0
250086,shelter,300,0,0
250295,shelter,300,0,0
250847,shelter,300,0,0
251026,shelter,300,0,0
250524,shelter,300,0,0
250161,shelter,300,0,0
250920,shelter,300,0,0
10229538,fire_station,0,0,0
10492949,fire_station,0,0,0
10491480,fire_station,0,0,0
10491516,fire_station,0,0,0
10218767,fire_station,0,0,0
10218940,fire_station,0,0,0
10218876,fire_station,0,0,0
10229299,fire_station,0,0,0
10229153,fire_station,0,0,0
10229159,fire_station,0,0,0
10229423,fire_station,0,0,0
10229426,fire_station,0,0,0
10229579,fire_station,0,0,0
10218893,fire_station,0,0,0
10218789,fire_station,0,0,0
10229418,fire_station,0,0,0
10229244,fire_station,0,0,0
10229256,fire_station,0,0,0
10229293,fire_station,0,0,0
10229087,fire_station,0,0,0
10218720,fire_station,0,0,0
10143996,fire_station,0,0,0
10143958,fire_station,0,0,0
10143985,fire_station,0,0,0
10144044,fire_station,0,0,0
10143993,fire_station,0,0,0
10143960,fire_station,0,0,0
10229421,fire_station,0,0,0
10229548,fire_station,0,0,0
10229515,fire_station,0,0,0
10229572,fire_station,0,0,0
10218645,fire_station,0,0,0
10143926,fire_station,0,0,0
10144020,fire_station,0,0,0
10218824,fire_station,0,0,0
10218892,fire_station,0,0,0
10218751,fire_station,0,0,0
10143997,fire_station,0,0,0
10218725,fire_station,0,0,0
10165941,fire_station,0,0,0
10143952,fire_station,0,0,0
10144019,fire_station,0,0,0
10143995,fire_station,0,0,0
10144053,fire_station,0,0,0
10144063,fire_station,0,0,0
10144057,fire_station,0,0,0
10144064,fire_station,0,0,0
10143983,fire_station,0,0,0
10229537,fire_station,0,0,0
10229280,fire_station,0,0,0
10229277,fire_station,0,0,0
10143924,fire_station,0,0,0
10143970,fire_station,0,0,0
10218903,fire_station,0,0,0
10218842,fire_station,0,0,0
10229115,fire_station,0,0,0
10143968,fire_station,0,0,0
10229594,fire_station,0,0,0
10143946,fire_station,0,0,0
10491582,fire_station,0,0,0
10491697,fire_station,0,0,0
10218682,fire_station,0,0,0
10491601,fire_station,0,0,0
10491596,fire_station,0,0,0
10496606,fire_station,0,0,0
10491602,fire_station,0,0,0
10143971,fire_station,0,0,0
10143987,fire_station,0,0,0
10218797,fire_station,0,0,0
10218768,fire_station,0,0,0
10144033,fire_station,0,0,0
10144029,fire_station,0,0,0
10143920,fire_station,0,0,0
10218736,fire_station,0,0,0
10218882,fire_station,0,0,0
10218730,fire_station,0,0,0
10144035,fire_station,0,0,0
10218733,fire_station,0,0,0
10218714,fire_station,0,0,0
10218719,fire_station,0,0,0
10218717,fire_station,0,0,0
10143922,fire_station,0,0,0
10143990,fire_station,0,0,0
10218775,fire_station,0,0,0
10218841,fire_station,0,0,0
10218737,fire_station,0,0,0
10218917,fire_station,0,0,0
10218699,fire_station,0,0,0
10218839,fire_station,0,0,0
10144047,fire_station,0,0,0
10144018,fire_station,0,0,0
10218827,fire_station,0,0,0
10229577,fire_station,0,0,0
10144015,fire_station,0,0,0
10143931,fire_station,0,0,0
10144068,fire_station,0,0,0
10144037,fire_station,0,0,0
10143936,fire_station,0,0,0
10143967,fire_station,0,0,0
10218762,fire_station,0,0,0
10166033,fire_station,0,0,0
10165838,fire_station,0,0,0
10165723,fire_station,0,0,0
10166210,fire_station,0,0,0
10165716,fire_station,0,0,0
10165762,fire_station,0,0,0
10144006,fire_station,0,0,0
10218685,fire_station,0,0,0
10165486,fire_station,0,0,0
10229233,fire_station,0,0,0
10229122,fire_station,0,0,0
10229123,fire_station,0,0,0
10229124,fire_station,0,0,0
10229130,fire_station,0,0,0
10229133,fire_station,0,0,0
10229141,fire_station,0,0,0
10229142,fire_station,0,0,0
10229143,fire_station,0,0,0
10229150,fire_station,0,0,0
10229410,fire_station,0,0,0
10229120,fire_station,0,0,0
10229121,fire_station,0,0,0
10229126,fire_station,0,0,0
10229128,fire_station,0,0,0
10229140,fire_station,0,0,0
10229144,fire_station,0,0,0
10229417,fire_station,0,0,0
10229468,fire_station,0,0,0
10229234,fire_station,0,0,0
10229246,fire_station,0,0,0
10229267,fire_station,0,0,0
10229552,fire_station,0,0,0
10229563,fire_station,0,0,0
10229564,fire_station,0,0,0
10229074,fire_station,0,0,0
10229274,fire_station,0,0,0
10229574,fire_station,0,0,0
10229598,fire_station,0,0,0
10229599,fire_station,0,0,0
10229076,fire_station,0,0,0
10229091,fire_station,0,0,0
10229169,fire_station,0,0,0
10229117,fire_station,0,0,0
10229119,fire_station,0,0,0
10229672,fire_station,0,0,0
10229183,fire_station,0,0,0
10229687,fire_station,0,0,0
10229474,fire_station,0,0,0
10229279,fire_station,0,0,0
10229494,fire_station,0,0,0
10229316,fire_station,0,0,0
10229406,fire_station,0,0,0
10229558,fire_station,0,0,0
10229213,fire_station,0,0,0
10144059,fire_station,0,0,0
10229462,fire_station,0,0,0
10229118,fire_station,0,0,0
10229201,fire_station,0,0,0
10229539,fire_station,0,0,0
10229481,fire_station,0,0,0
10165859,fire_station,0,0,0
10166171,fire_station,0,0,0
10165643,fire_station,0,0,0
10166195,fire_station,0,0,0
10165862,fire_station,0,0,0
10165849,fire_station,0,0,0
10143951,fire_station,0,0,0
10165942,fire_station,0,0,0
10165754,fire_station,0,0,0
10165764,fire_station,0,0,0
10165621,fire_station,0,0,0
10218785,fire_station,0,0,0
10218929,fire_station,0,0,0
10218924,fire_station,0,0,0
10143999,fire_station,0,0,0
10218920,fire_station,0,0,0
10218900,fire_station,0,0,0
10218896,fire_station,0,0,0
10218895,fire_station,0,0,0
10218889,fire_station,0,0,0
10218887,fire_station,0,0,0
10218753,fire_station,0,0,0
10218865,fire_station,0,0,0
10218752,fire_station,0,0,0
10218745,fire_station,0,0,0
10218681,fire_station,0,0,0
10218678,fire_station,0,0,0
10218677,fire_station,0,0,0
10218855,fire_station,0,0,0
10218850,fire_station,0,0,0
10218844,fire_station,0,0,0
10218843,fire_station,0,0,0
10218833,fire_station,0,0,0
10218665,fire_station,0,0,0
10218662,fire_station,0,0,0
10218832,fire_station,0,0,0
10218816,fire_station,0,0,0
10218815,fire_station,0,0,0
10229530,fire_station,0,0,0
10229195,fire_station,0,0,0
10491479,fire_station,0,0,0
10168053,fire_station,0,0,0
10491608,fire_station,0,0,0
10218878,fire_station,0,0,0
10218819,fire_station,0,0,0
10143957,fire_station,0,0,0
10143944,fire_station,0,0,0
10143925,fire_station,0,0,0
10218766,fire_station,0,0,0
10143941,fire_station,0,0,0
10218712,fire_station,0,0,0
10218713,fire_station,0,0,0
10218778,fire_station,0,0,0
10218944,fire_station,0,0,0
10218721,fire_station,0,0,0
10218938,fire_station,0,0,0
10218820,fire_station,0,0,0
10218881,fire_station,0,0,0
10218691,fire_station,0,0,0
10218831,fire_station,0,0,0
10165834,fire_station,0,0,0
10165851,fire_station,0,0,0
10229187,fire_station,0,0,0
10229137,fire_station,0,0,0
10143961,fire_station,0,0,0
10143984,fire_station,0,0,0
10144046,fire_station,0,0,0
10229691,fire_station,0,0,0
10229308,fire_station,0,0,0
10144054,fire_station,0,0,0
10144043,fire_station,0,0,0
10143962,fire_station,0,0,0
10144052,fire_station,0,0,0
10143986,fire_station,0,0,0
10144062,fire_station,0,0,0
10144021,fire_station,0,0,0
10144042,fire_station,0,0,0
10229265,fire_station,0,0,0
10144003,fire_station,0,0,0
10144028,fire_station,0,0,0
10143966,fire_station,0,0,0
10229160,fire_station,0,0,0
10143929,fire_station,0,0,0
10144005,fire_station,0,0,0
10144038,fire_station,0,0,0
10144069,fire_station,0,0,0
10144023,fire_station,0,0,0
10229404,fire_station,0,0,0
10229281,fire_station,0,0,0
10229212,fire_station,0,0,0
10229497,fire_station,0,0,0
10144060,fire_station,0,0,0
10143982,fire_station,0,0,0
10144067,fire_station,0,0,0
10143994,fire_station,0,0,0
10143977,fire_station,0,0,0
10143953,fire_station,0,0,0
10143943,fire_station,0,0,0
10143992,fire_station,0,0,0
10143989,fire_station,0,0,0
10143975,fire_station,0,0,0
10143964,fire_station,0,0,0
10144008,fire_station,0,0,0
10229259,fire_station,0,0,0
10271132,fire_station,0,0,0
10229393,fire_station,0,0,0
10218777,fire_station,0,0,0
10229139,fire_station,0,0,0
10229127,fire_station,0,0,0
10229463,fire_station,0,0,0
10229591,fire_station,0,0,0
10229592,fire_station,0,0,0
10229614,fire_station,0,0,0
10229615,fire_station,0,0,0
10229189,fire_station,0,0,0
10229469,fire_station,0,0,0
10229208,fire_station,0,0,0
10143930,fire_station,0,0,0
10229217,fire_station,0,0,0
10144058,fire_station,0,0,0
10165848,fire_station,0,0,0
10165641,fire_station,0,0,0
10166140,fire_station,0,0,0
10229206,fire_station,0,0,0
10229581,fire_station,0,0,0
10143974,fire_station,0,0,0
10229596,fire_station,0,0,0
10491691,fire_station,0,0,0
10144045,fire_station,0,0,0
10144032,fire_station,0,0,0
10229275,fire_station,0,0,0
10229192,fire_station,0,0,0
10229209,fire_station,0,0,0
10229232,fire_station,0,0,0
10143942,fire_station,0,0,0
10495016,fire_station,0,0,0
10229278,fire_station,0,0,0
10229113,fire_station,0,0,0
10229245,fire_station,0,0,0
10229071,fire_station,0,0,0
10229405,fire_station,0,0,0
10229576,fire_station,0,0,0
10229199,fire_station,0,0,0
10229597,fire_station,0,0,0
10491467,fire_station,0,0,0
10491575,fire_station,0,0,0
10218812,fire_station,0,0,0
10218810,fire_station,0,0,0
10218809,fire_station,0,0,0
10218805,fire_station,0,0,0
10218787,fire_station,0,0,0
10218786,fire_station,0,0,0
10218783,fire_station,0,0,0
10229110,fire_station,0,0,0
10229134,fire_station,0,0,0
10229147,fire_station,0,0,0
10229162,fire_station,0,0,0
10229351,fire_station,0,0,0
10229391,fire_station,0,0,0
10229392,fire_station,0,0,0
10229394,fire_station,0,0,0
10229395,fire_station,0,0,0
10229398,fire_station,0,0,0
10229399,fire_station,0,0,0
10229575,fire_station,0,0,0
10229578,fire_station,0,0,0
10229584,fire_station,0,0,0
10229585,fire_station,0,0,0
10229586,fire_station,0,0,0
10229588,fire_station,0,0,0
10229425,fire_station,0,0,0
10229427,fire_station,0,0,0
10229432,fire_station,0,0,0
10229433,fire_station,0,0,0
10229434,fire_station,0,0,0
10229593,fire_station,0,0,0
10229595,fire_station,0,0,0
10144025,fire_station,0,0,0
10229601,fire_station,0,0,0
10229602,fire_station,0,0,0
10229441,fire_station,0,0,0
10229464,fire_station,0,0,0
10229603,fire_station,0,0,0
10229605,fire_station,0,0,0
10229606,fire_station,0,0,0
10229607,fire_station,0,0,0
10229608,fire_station,0,0,0
10229609,fire_station,0,0,0
10229610,fire_station,0,0,0
10229611,fire_station,0,0,0
10229525,fire_station,0,0,0
10229498,fire_station,0,0,0
10229211,fire_station,0,0,0
10229243,fire_station,0,0,0
10229145,fire_station,0,0,0
10229146,fire_station,0,0,0
10229154,fire_station,0,0,0
10229397,fire_station,0,0,0
10229408,fire_station,0,0,0
10229428,fire_station,0,0,0
10229429,fire_station,0,0,0
10229452,fire_station,0,0,0
10229460,fire_station,0,0,0
10229461,fire_station,0,0,0
10229467,fire_station,0,0,0
10229471,fire_station,0,0,0
10229473,fire_station,0,0,0
10229492,fire_station,0,0,0
10229516,fire_station,0,0,0
10229517,fire_station,0,0,0
10229475,fire_station,0,0,0
10229551,fire_station,0,0,0
10229554,fire_station,0,0,0
10229567,fire_station,0,0,0
10229568,fire_station,0,0,0
10229061,fire_station,0,0,0
10229062,fire_station,0,0,0
10229063,fire_station,0,0,0
10229148,fire_station,0,0,0
10229553,fire_station,0,0,0
10229555,fire_station,0,0,0
10229556,fire_station,0,0,0
10229557,fire_station,0,0,0
10229559,fire_station,0,0,0
10229560,fire_station,0,0,0
10229565,fire_station,0,0,0
10229066,fire_station,0,0,0
10229073,fire_station,0,0,0
10229078,fire_station,0,0,0
10229079,fire_station,0,0,0
10229185,fire_station,0,0,0
10229131,fire_station,0,0,0
10229155,fire_station,0,0,0
10229125,fire_station,0,0,0
10229569,fire_station,0,0,0
10229570,fire_station,0,0,0
10229188,fire_station,0,0,0
10229196,fire_station,0,0,0
10229197,fire_station,0,0,0
10229200,fire_station,0,0,0
10229186,fire_station,0,0,0
10229205,fire_station,0,0,0
10229215,fire_station,0,0,0
10229216,fire_station,0,0,0
10229218,fire_station,0,0,0
10229219,fire_station,0,0,0
10229202,fire_station,0,0,0
10229203,fire_station,0,0,0
10229300,fire_station,0,0,0
10229301,fire_station,0,0,0
10229253,fire_station,0,0,0
10229273,fire_station,0,0,0
10229287,fire_station,0,0,0
10229297,fire_station,0,0,0
10229303,fire_station,0,0,0
10229582,fire_station,0,0,0
10229341,fire_station,0,0,0
10229345,fire_station,0,0,0
10229348,fire_station,0,0,0
10229355,fire_station,0,0,0
10229583,fire_station,0,0,0
10229613,fire_station,0,0,0
10229132,fire_station,0,0,0
10229149,fire_station,0,0,0
10229255,fire_station,0,0,0
10229204,fire_station,0,0,0
10143969,fire_station,0,0,0
10144030,fire_station,0,0,0
10143948,fire_station,0,0,0
10229088,fire_station,0,0,0
10229184,fire_station,0,0,0
10229476,fire_station,0,0,0
10229266,fire_station,0,0,0
10229495,fire_station,0,0,0
10229356,fire_station,0,0,0
10229549,fire_station,0,0,0
10229396,fire_station,0,0,0
10229435,fire_station,0,0,0
10229465,fire_station,0,0,0
10229550,fire_station,0,0,0
10229604,fire_station,0,0,0
10229561,fire_station,0,0,0
10229571,fire_station,0,0,0
10229272,fire_station,0,0,0
10229320,fire_station,0,0,0
10229344,fire_station,0,0,0
10229347,fire_station,0,0,0
10229349,fire_station,0,0,0
10229368,fire_station,0,0,0
10229573,fire_station,0,0,0
10229590,fire_station,0,0,0
10229600,fire_station,0,0,0
10229566,fire_station,0,0,0
10229092,fire_station,0,0,0
10229170,fire_station,0,0,0
10229190,fire_station,0,0,0
10229251,fire_station,0,0,0
10229252,fire_station,0,0,0
10229302,fire_station,0,0,0
10229258,fire_station,0,0,0
10229294,fire_station,0,0,0
10229338,fire_station,0,0,0
10229331,fire_station,0,0,0
10229354,fire_station,0,0,0
10229358,fire_station,0,0,0
10229276,fire_station,0,0,0
10229136,fire_station,0,0,0
10229156,fire_station,0,0,0
10229161,fire_station,0,0,0
10229409,fire_station,0,0,0
10229431,fire_station,0,0,0
10229411,fire_station,0,0,0
10492972,fire_station,0,0,0
10165061,fire_station,0,0,0
10144039,fire_station,0,0,0
10166170,fire_station,0,0,0
10229138,fire_station,0,0,0
10144041,fire_station,0,0,0
10144082,fire_station,0,0,0
10144050,fire_station,0,0,0
10144077,fire_station,0,0,0
10144031,fire_station,0,0,0
10144010,fire_station,0,0,0
10144055,fire_station,0,0,0
10144081,fire_station,0,0,0
10143927,fire_station,0,0,0
10143934,fire_station,0,0,0
10144022,fire_station,0,0,0
10144049,fire_station,0,0,0
10144051,fire_station,0,0,0
10229520,fire_station,0,0,0
10144056,fire_station,0,0,0
10144079,fire_station,0,0,0
10144078,fire_station,0,0,0
10144080,fire_station,0,0,0
10144083,fire_station,0,0,0
10144065,fire_station,0,0,0
10144066,fire_station,0,0,0
10144061,fire_station,0,0,0
10168066,fire_station,0,0,0
10168056,fire_station,0,0,0
10168051,fire_station,0,0,0
10143939,fire_station,0,0,0
10143935,fire_station,0,0,0
10144070,fire_station,0,0,0
10144024,fire_station,0,0,0
10144040,fire_station,0,0,0
10144017,fire_station,0,0,0
10229436,fire_station,0,0,0
10191881,fire_station,0,0,0
10191883,fire_station,0,0,0
10229540,fire_station,0,0,0
10144012,fire_station,0,0,0
10144009,fire_station,0,0,0
10143938,fire_station,0,0,0
10143980,fire_station,0,0,0
10144016,fire_station,0,0,0
10144001,fire_station,0,0,0
10141516,fire_station,0,0,0
10271417,fire_station,0,0,0
10229480,fire_station,0,0,0
10144048,fire_station,0,0,0
10229082,fire_station,0,0,0
10218840,fire_station,0,0,0
10218732,fire_station,0,0,0
10218780,fire_station,0,0,0
10229260,fire_station,0,0,0
10218759,fire_station,0,0,0
10218834,fire_station,0,0,0
10218837,fire_station,0,0,0
10229518,fire_station,0,0,0
10229282,fire_station,0,0,0
10168059,fire_station,0,0,0
10229386,fire_station,0,0,0
10229527,fire_station,0,0,0
10229453,fire_station,0,0,0
10229268,fire_station,0,0,0
10229514,fire_station,0,0,0
10229362,fire_station,0,0,0
10139683,fire_station,0,0,0
10229621,fire_station,0,0,0
10491484,fire_station,0,0,0
10491495,fire_station,0,0,0
10491469,fire_station,0,0,0
10491464,fire_station,0,0,0
10491465,fire_station,0,0,0
10229466,fire_station,0,0,0
10229390,fire_station,0,0,0
10229373,fire_station,0,0,0
10218673,fire_station,0,0,0
10229285,fire_station,0,0,0
10229371,fire_station,0,0,0
10229523,fire_station,0,0,0
10218764,fire_station,0,0,0
10229513,fire_station,0,0,0
10218754,fire_station,0,0,0
10218656,fire_station,0,0,0
10229361,fire_station,0,0,0
10492719,fire_station,0,0,0
10484032,fire_station,0,0,0
10491688,fire_station,0,0,0
10218657,fire_station,0,0,0
10218729,fire_station,0,0,0
10218854,fire_station,0,0,0
10229237,fire_station,0,0,0
10229086,fire_station,0,0,0
10218743,fire_station,0,0,0
10218683,fire_station,0,0,0
10229385,fire_station,0,0,0
10229511,fire_station,0,0,0
10229065,fire_station,0,0,0
10229359,fire_station,0,0,0
10229075,fire_station,0,0,0
10229510,fire_station,0,0,0
10229283,fire_station,0,0,0
10229290,fire_station,0,0,0
10229090,fire_station,0,0,0
10229512,fire_station,0,0,0
10229151,fire_station,0,0,0
10218922,fire_station,0,0,0
10218905,fire_station,0,0,0
10218885,fire_station,0,0,0
10218883,fire_station,0,0,0
10218746,fire_station,0,0,0
10218667,fire_station,0,0,0
10218671,fire_station,0,0,0
10218655,fire_station,0,0,0
10218818,fire_station,0,0,0
10218807,fire_station,0,0,0
10229382,fire_station,0,0,0
10229372,fire_station,0,0,0
10229384,fire_station,0,0,0
10229152,fire_station,0,0,0
10229284,fire_station,0,0,0
10229286,fire_station,0,0,0
10229335,fire_station,0,0,0
10229336,fire_station,0,0,0
10229340,fire_station,0,0,0
10229105,fire_station,0,0,0
10229168,fire_station,0,0,0
10229334,fire_station,0,0,0
10229383,fire_station,0,0,0
10229339,fire_station,0,0,0
10229226,fire_station,0,0,0
10229236,fire_station,0,0,0
10229493,fire_station,0,0,0
10139675,fire_station,0,0,0
10139684,fire_station,0,0,0
10139681,fire_station,0,0,0
10218741,fire_station,0,0,0
10229389,fire_station,0,0,0
10229084,fire_station,0,0,0
10229064,fire_station,0,0,0
10229381,fire_station,0,0,0
278.0,eoc_local,0,0,0
390.0,eoc_local,0,0,0
765.0,eoc_local,0,0,0
916.0,eoc_local,0,0,0
782.0,eoc_local,0,0,0
755.0,eoc_local,0,0,0
1012.0,eoc_local,0,0,0
759.0,eoc_local,0,0,0
727.0,eoc_local,0,0,0
5978.0,eoc_local,0,0,0
562.0,eoc_local,0,0,0
410.0,eoc_local,0,0,0
950.0,eoc_local,0,0,0
363.0,eoc_local,0,0,0
476.0,eoc_local,0,0,0
1323.0,eoc_local,0,0,0
3.0,eoc_state,0,0,0
8.0,eoc_state,0,0,0
3385,cell_tower,0,0,60
3386,cell_tower,0,0,60
3387,cell_tower,0,0,60
3388,cell_tower,0,0,60
3389,cell_tower,0,0,60
3390,cell_tower,0,0,60
13312,cell_tower,0,0,60
13313,cell_tower,0,0,60
13314,cell_tower,0,0,60
13318,cell_tower,0,0,60
13321,cell_tower,0,0,60
13322,cell_tower,0,0,60
11571,cell_tower,0,0,60
11572,cell_tower,0,0,60
11573,cell_tower,0,0,60
11574,cell_tower,0,0,60
11575,cell_tower,0,0,60
11576,cell_tower,0,0,60
11577,cell_tower,0,0,60
11578,cell_tower,0,0,60
11579,cell_tower,0,0,60
11580,cell_tower,0,0,60
4824,cell_tower,0,0,60
4825,cell_tower,0,0,60
4827,cell_tower,0,0,60
4828,cell_tower,0,0,60
4829,cell_tower,0,0,60
4830,cell_tower,0,0,60
4831,cell_tower,0,0,60
4891,cell_tower,0,0,60
4892,cell_tower,0,0,60
4893,cell_tower,0,0,60
4894,cell_tower,0,0,60
4895,cell_tower,0,0,60
4896,cell_tower,0,0,60
4897,cell_tower,0,0,60
4898,cell_tower,0,0,60
4899,cell_tower,0,0,60
4904,cell_tower,0,0,60
4905,cell_tower,0,0,60
4909,cell_tower,0,0,60
4911,cell_tower,0,0,60
6842,cell_tower,0,0,60
6844,cell_tower,0,0,60
6845,cell_tower,0,0,60
6846,cell_tower,0,0,60
6847,cell_tower,0,0,60
6850,cell_tower,0,0,60
6852,cell_tower,0,0,60
15810,cell_tower,0,0,60
15811,cell_tower,0,0,60
15812,cell_tower,0,0,60
15813,cell_tower,0,0,60
15814,cell_tower,0,0,60
15815,cell_tower,0,0,60
15818,cell_tower,0,0,60
15819,cell_tower,0,0,60
15820,cell_tower,0,0,60
15824,cell_tower,0,0,60
21652,cell_tower,0,0,60
21653,cell_tower,0,0,60
21654,cell_tower,0,0,60
21655,cell_tower,0,0,60
21656,cell_tower,0,0,60
21657,cell_tower,0,0,60
21658,cell_tower,0,0,60
21659,cell_tower,0,0,60
21660,cell_tower,0,0,60
21661,cell_tower,0,0,60
21662,cell_tower,0,0,60
19082,cell_tower,0,0,60
19425,cell_tower,0,0,60
19426,cell_tower,0,0,60
19427,cell_tower,0,0,60
19428,cell_tower,0,0,60
19429,cell_tower,0,0,60
19431,cell_tower,0,0,60
19432,cell_tower,0,0,60
19433,cell_tower,0,0,60
19434,cell_tower,0,0,60
19435,cell_tower,0,0,60
19436,cell_tower,0,0,60
19438,cell_tower,0,0,60
19440,cell_tower,0,0,60
19442,cell_tower,0,0,60
19443,cell_tower,0,0,60
19445,cell_tower,0,0,60
19448,cell_tower,0,0,60
19452,cell_tower,0,0,60
19453,cell_tower,0,0,60
19712,cell_tower,0,0,60
19713,cell_tower,0,0,60
19714,cell_tower,0,0,60
19715,cell_tower,0,0,60
19716,cell_tower,0,0,60
19717,cell_tower,0,0,60
19718,cell_tower,0,0,60
19719,cell_tower,0,0,60
22231,cell_tower,0,0,60
22232,cell_tower,0,0,60
